{"cameraMode":{"drawMode":0,"name":"Shaded","section":"Shading Mode"},"sceneLighting":false,"audioPlay":false,"sceneViewState":{"m_AlwaysRefresh":false,"showFog":true,"showSkybox":false,"showFlares":true,"showImageEffects":true,"showParticleSystems":true,"showVisualEffectGraphs":true,"m_FxEnabled":true},"in2DMode":false,"pivot":{"x":-0.41241076588630679,"y":0.057129502296447757,"z":0.5320932865142822},"rotation":{"x":-0.006307690404355526,"y":0.9443016052246094,"z":-0.3285294473171234,"w":-0.018131354823708535},"size":1.4150974750518799,"orthographic":false}