{"cameraMode":{"drawMode":0,"name":"Shaded","section":"Shading Mode"},"sceneLighting":false,"audioPlay":false,"sceneViewState":{"m_AlwaysRefresh":false,"showFog":true,"showSkybox":false,"showFlares":true,"showImageEffects":true,"showParticleSystems":true,"showVisualEffectGraphs":true,"m_FxEnabled":true},"in2DMode":false,"pivot":{"x":-0.000004291534423828125,"y":0.14999979734420777,"z":-2.980232238769531e-7},"rotation":{"x":-0.08806156367063523,"y":0.9074204564094544,"z":-0.3341262936592102,"w":-0.23915815353393556},"size":3.16267466545105,"orthographic":false}