{"cameraMode":{"drawMode":0,"name":"Shaded","section":"Shading Mode"},"sceneLighting":false,"audioPlay":false,"sceneViewState":{"m_AlwaysRefresh":false,"showFog":true,"showSkybox":false,"showFlares":true,"showImageEffects":true,"showParticleSystems":true,"showVisualEffectGraphs":true,"m_FxEnabled":true},"in2DMode":false,"pivot":{"x":-1.3639048337936402,"y":-0.45777857303619387,"z":-0.48355603218078616},"rotation":{"x":0.026087401434779168,"y":0.9617714881896973,"z":-0.25411051511764529,"w":0.09873565286397934},"size":2.2366278171539308,"orthographic":false}