{"cameraMode":{"drawMode":0,"name":"Shaded","section":"Shading Mode"},"sceneLighting":true,"audioPlay":false,"sceneViewState":{"m_AlwaysRefresh":false,"showFog":true,"showSkybox":false,"showFlares":true,"showImageEffects":true,"showParticleSystems":true,"showVisualEffectGraphs":true,"m_FxEnabled":true},"in2DMode":false,"pivot":{"x":316.743896484375,"y":3.2062671184539797,"z":112.60514831542969},"rotation":{"x":0.12027537077665329,"y":0.29462897777557375,"z":-0.03743431717157364,"w":0.9473204612731934},"size":3.8108723163604738,"orthographic":false}