{"cameraMode":{"drawMode":0,"name":"Shaded","section":"Shading Mode"},"sceneLighting":false,"audioPlay":false,"sceneViewState":{"m_AlwaysRefresh":false,"showFog":true,"showSkybox":false,"showFlares":true,"showImageEffects":true,"showParticleSystems":true,"showVisualEffectGraphs":true,"m_FxEnabled":true},"in2DMode":false,"pivot":{"x":0.0000016689300537109376,"y":0.14999976754188538,"z":5.960464477539063e-7},"rotation":{"x":-0.08806156367063523,"y":0.9074204564094544,"z":-0.3341262936592102,"w":-0.23915815353393556},"size":1.4150986671447755,"orthographic":false}